CTR;SERVICIO;CATEGORÍA;UBICACIÓN;CARGO;NIVEL;CANTIDAD
TICLIO;DDH;LÍNEA DE MANDO;GENERAL;RESIDENTE;;1
TICLIO;DDH;LÍNEA DE MANDO;SUPERFICIE;INGENIERO DE SEGURIDAD;;1
TICLIO;DDH;LÍNEA DE MANDO;SUPERFICIE;SUPERVISOR OPERATIVO;I;2
TICLIO;DDH;LÍNEA DE MANDO;GENERAL;ASISTENTE ADMINISTRATIVO;;1
TICLIO;DDH;LÍNEA DE MANDO;GENERAL;ASISTENTE LOGÍSTICO;;1
TICLIO;DDH;LÍNEA DE MANDO;GENERAL;TÉCNICO MECÁNICO;I;1
TICLIO;DDH;OPERATIVO;SUPERFICIE;PERFORISTA;I;3
TICLIO;DDH;OPERATIVO;SUPERFICIE;AYUDANTE;I;6
TICLIO;DDH;CONDUCTORES;SUPERFICIE;CONDUCTOR;;3
TICLIO;DDH;CONDUCTORES;SUPERFICIE;CONDUCTOR;I;1
TICLIO;DDH;VACACIONISTA;SUPERFICIE;PERFORISTA;I;1
TICLIO;SGEO;LÍNEA DE MANDO;SUPERFICIE;SUPERVISOR DE MUESTREO;;3
TICLIO;SGEO;OPERATIVO;SUPERFICIE;MAESTRO MUESTRERO;I;1
TICLIO;SGEO;OPERATIVO;SUPERFICIE;MAESTRO MUESTRERO;;1
TICLIO;SGEO;OPERATIVO;SUPERFICIE;AYUDANTE MUESTRERO;;1
INMACULADA;DDH;LÍNEA DE MANDO;GENERAL;RESIDENTE;;1
INMACULADA;DDH;LÍNEA DE MANDO;GENERAL;ASISTENTE DE RESIDENTE;;1
INMACULADA;DDH;LÍNEA DE MANDO;GENERAL;SUPERVISOR DE SEGURIDAD;;1
INMACULADA;DDH;LÍNEA DE MANDO;GENERAL;ADMINISTRADOR;;1
INMACULADA;DDH;LÍNEA DE MANDO;GENERAL;ASISTENTE ADMINISTRATIVO;;1
INMACULADA;DDH;LÍNEA DE MANDO;GENERAL;LOGÍSTICO;;2
INMACULADA;DDH;LÍNEA DE MANDO;GENERAL;TÉCNICO MECÁNICO;;1
INMACULADA;DDH;LÍNEA DE MANDO;GENERAL;TÉCNICO MECÁNICO;I;1
INMACULADA;DDH;LÍNEA DE MANDO;GENERAL;TÉCNICO MECÁNICO;II;1
INMACULADA;DDH;LÍNEA DE MANDO;GENERAL;TÉCNICO ELECTRICISTA;SENIOR;1
INMACULADA;DDH;LÍNEA DE MANDO;GENERAL;TÉCNICO DE MEDICIÓN;;3
INMACULADA;DDH;LÍNEA DE MANDO;GENERAL;PERSONAL DE LIMPIEZA;;3
INMACULADA;DDH;LÍNEA DE MANDO;SUPERFICIE;INGENIERO DE SEGURIDAD;SENIOR;1
INMACULADA;DDH;LÍNEA DE MANDO;SUPERFICIE;INGENIERO DE SEGURIDAD;;2
INMACULADA;DDH;LÍNEA DE MANDO;SUPERFICIE;SUPERVISOR OPERATIVO;I;1
INMACULADA;DDH;LÍNEA DE MANDO;SUPERFICIE;SUPERVISOR OPERATIVO;II;2
INMACULADA;DDH;OPERATIVO;SUPERFICIE;PERFORISTA;I;4
INMACULADA;DDH;OPERATIVO;SUPERFICIE;PERFORISTA;II;2
INMACULADA;DDH;OPERATIVO;SUPERFICIE;AYUDANTE;I;12
INMACULADA;DDH;CONDUCTORES;SUPERFICIE;CONDUCTOR MÚLTIPLE;;5
INMACULADA;DDH;CONDUCTORES;SUPERFICIE;CONDUCTOR MECÁNICO;;1
INMACULADA;DDH;OPERATIVO;SUPERFICIE;OPERADOR CISTERNA DE AGUA (MÚLTIPLE);;3
INMACULADA;DDH;OPERATIVO;SUPERFICIE;OPERADOR CISTERNA COMBUSTIBLE;;3
INMACULADA;DDH;LÍNEA DE MANDO;MINA;INGENIERO DE SEGURIDAD;SENIOR;2
INMACULADA;DDH;LÍNEA DE MANDO;MINA;INGENIERO DE SEGURIDAD;;1
INMACULADA;DDH;LÍNEA DE MANDO;MINA;SUPERVISOR GENERAL;;1
INMACULADA;DDH;LÍNEA DE MANDO;MINA;SUPERVISOR OPERATIVO;I;2
INMACULADA;DDH;OPERATIVO;MINA;PERFORISTA;I;5
INMACULADA;DDH;OPERATIVO;MINA;PERFORISTA;II;1
INMACULADA;DDH;OPERATIVO;MINA;AYUDANTE;I;9
INMACULADA;DDH;OPERATIVO;MINA;AYUDANTE;II;3
INMACULADA;DDH;CONDUCTORES;MINA;CONDUCTOR MÚLTIPLE;;6
AMERICANA;DDH;LÍNEA DE MANDO;GENERAL;RESIDENTE;;1
AMERICANA;DDH;LÍNEA DE MANDO;GENERAL;ASISTENTE RESIDENTE;;1
AMERICANA;DDH;LÍNEA DE MANDO;MINA;INGENIERO DE SEGURIDAD;;1
AMERICANA;DDH;LÍNEA DE MANDO;MINA;INSPECTOR DE SEGURIDAD;;1
AMERICANA;DDH;LÍNEA DE MANDO;MINA;SUPERVISOR OPERATIVO;I;2
AMERICANA;DDH;LÍNEA DE MANDO;GENERAL;ADMINISTRADOR;;1
AMERICANA;DDH;LÍNEA DE MANDO;GENERAL;ASISTENTE LOGÍSTICO;;1
AMERICANA;DDH;LÍNEA DE MANDO;GENERAL;TÉCNICO MECÁNICO;SENIOR;1
AMERICANA;DDH;LÍNEA DE MANDO;GENERAL;TÉCNICO MECÁNICO;II;1
AMERICANA;DDH;CONDUCTORES;MINA;CONDUCTOR;;4
AMERICANA;DDH;OPERATIVO;MINA;PERFORISTA;I;6
AMERICANA;DDH;OPERATIVO;MINA;AYUDANTE;I;6
COLQUISIRI;DDH;LÍNEA DE MANDO;GENERAL;RESIDENTE;;1
COLQUISIRI;DDH;LÍNEA DE MANDO;MINA;INSPECTOR DE SEGURIDAD;;1
COLQUISIRI;DDH;LÍNEA DE MANDO;GENERAL;TÉCNICO MECÁNICO;II;1
COLQUISIRI;DDH;LÍNEA DE MANDO;GENERAL;ADMINISTRADOR;;1
COLQUISIRI;DDH;OPERATIVO;MINA;PERFORISTA;I;3
COLQUISIRI;DDH;OPERATIVO;MINA;AYUDANTE;I;3
CONDESTABLE;DDH;LÍNEA DE MANDO;GENERAL;RESIDENTE;;1
CONDESTABLE;DDH;LÍNEA DE MANDO;MINA;INGENIERO DE SEGURIDAD;;2
CONDESTABLE;DDH;LÍNEA DE MANDO;MINA;SUPERVISOR OPERATIVO;I;3
CONDESTABLE;DDH;LÍNEA DE MANDO;GENERAL;ASISTENTE ADMINISTRATIVO;;1
CONDESTABLE;DDH;LÍNEA DE MANDO;GENERAL;ASISTENTE LOGÍSTICO;;1
CONDESTABLE;DDH;LÍNEA DE MANDO;GENERAL;TÉCNICO MECÁNICO;I;1
CONDESTABLE;DDH;LÍNEA DE MANDO;GENERAL;TÉCNICO MECÁNICO;II;1
CONDESTABLE;DDH;CONDUCTORES;MINA;CONDUCTOR;;6
CONDESTABLE;DDH;OPERATIVO;MINA;PERFORISTA;II;2
CONDESTABLE;DDH;OPERATIVO;MINA;AYUDANTE;I;2
CONDESTABLE;DDH;OPERATIVO;MINA;AYUDANTE;II;2
CONDESTABLE;DDH;OPERATIVO;MINA;PERFORISTA;I;6
CONDESTABLE;DDH;OPERATIVO;MINA;AYUDANTE;I;12
RAURA;DDH;LÍNEA DE MANDO;GENERAL;RESIDENTE;;1
RAURA;DDH;LÍNEA DE MANDO;GENERAL;ASISTENTE DE RESIDENTE;;1
RAURA;DDH;LÍNEA DE MANDO;MINA;INGENIERO DE SEGURIDAD;SENIOR;1
RAURA;DDH;LÍNEA DE MANDO;MINA;INGENIERO DE SEGURIDAD;;2
RAURA;DDH;LÍNEA DE MANDO;MINA;SUPERVISOR DE SEGURIDAD;;1
RAURA;DDH;LÍNEA DE MANDO;GENERAL;ADMINISTRADOR;;1
RAURA;DDH;LÍNEA DE MANDO;GENERAL;ASISTENTE ADMINISTRATIVO;;1
RAURA;DDH;LÍNEA DE MANDO;GENERAL;ASISTENTE LOGÍSTICO;;2
RAURA;DDH;LÍNEA DE MANDO;MINA;SUPERVISOR OPERATIVO;;3
RAURA;DDH;LÍNEA DE MANDO;GENERAL;TÉCNICO MECÁNICO;I;2
RAURA;DDH;LÍNEA DE MANDO;GENERAL;TÉCNICO ELECTRICISTA;SENIOR;1
RAURA;DDH;CONDUCTORES;MINA;CONDUCTOR;;12
RAURA;DDH;OPERATIVO;MINA;PERFORISTA;I;6
RAURA;DDH;OPERATIVO;MINA;AYUDANTE;I;12
RAURA;DDH;OPERATIVO;MINA;PERFORISTA;I;6
RAURA;DDH;OPERATIVO;MINA;AYUDANTE;I;12
RAURA;DDH;VACACIONISTA;MINA;PERFORISTA;I;1
RAURA;DDH;VACACIONISTA;MINA;AYUDANTE;II;1
YAULIYACU;DDH;LÍNEA DE MANDO;GENERAL;RESIDENTE;;1
YAULIYACU;DDH;LÍNEA DE MANDO;GENERAL;ASISTENTE DE SUPERVISIÓN;;1
YAULIYACU;DDH;LÍNEA DE MANDO;GENERAL;ADMINISTRADOR;;1
YAULIYACU;DDH;LÍNEA DE MANDO;MINA;INGENIERO DE SEGURIDAD;II;1
YAULIYACU;DDH;LÍNEA DE MANDO;MINA;INSPECTOR DE SEGURIDAD;;1
YAULIYACU;DDH;LÍNEA DE MANDO;MINA;SUPERVISOR OPERATIVO;;2
YAULIYACU;DDH;LÍNEA DE MANDO;GENERAL;ASISTENTE LOGÍSTICO;;1
YAULIYACU;DDH;LÍNEA DE MANDO;GENERAL;TÉCNICO MECÁNICO;I;1
YAULIYACU;DDH;LÍNEA DE MANDO;GENERAL;TÉCNICO MECÁNICO;II;1
YAULIYACU;DDH;CONDUCTORES;MINA;CONDUCTOR;;9
YAULIYACU;DDH;OPERATIVO;MINA;PERFORISTA;I;6
YAULIYACU;DDH;OPERATIVO;MINA;AYUDANTE;I;6
YAULIYACU;DDH;OPERATIVO;MINA;PERFORISTA;I;3
YAULIYACU;DDH;OPERATIVO;MINA;AYUDANTE;I;6
CUCULÍ;DDH;LÍNEA DE MANDO;GENERAL;RESIDENTE;;1
CUCULÍ;DDH;LÍNEA DE MANDO;SUPERFICIE;INGENIERO DE SEGURIDAD;;1
CUCULÍ;DDH;LÍNEA DE MANDO;SUPERFICIE;SUPERVISOR OPERATIVO;I;1
CUCULÍ;DDH;LÍNEA DE MANDO;GENERAL;ASISTENTE ADMINISTRATIVO;;1
CUCULÍ;DDH;LÍNEA DE MANDO;GENERAL;ASISTENTE LOGÍSTICO;;1
CUCULÍ;DDH;LÍNEA DE MANDO;GENERAL;TÉCNICO MECÁNICO;I;2
CUCULÍ;DDH;CONDUCTORES;SUPERFICIE;CONDUCTOR;;3
CUCULÍ;DDH;OPERATIVO;SUPERFICIE;PERFORISTA;I;3
CUCULÍ;DDH;OPERATIVO;SUPERFICIE;AYUDANTE;I;6
CHUNGAR;DDH;LÍNEA DE MANDO;GENERAL;INGENIERO RESIDENTE;;1
CHUNGAR;DDH;LÍNEA DE MANDO;GENERAL;ASISTENTE DE RESIDENTE;;1
CHUNGAR;DDH;LÍNEA DE MANDO;MINA;INGENIERO DE SEGURIDAD;SENIOR;1
CHUNGAR;DDH;LÍNEA DE MANDO;MINA;INGENIERO DE SEGURIDAD;;1
CHUNGAR;DDH;LÍNEA DE MANDO;MINA;ANALISTA SSOMA;JUNIOR;1
CHUNGAR;DDH;LÍNEA DE MANDO;MINA;ASISTENTE SSOMA;;1
CHUNGAR;DDH;LÍNEA DE MANDO;MINA;SUPERVISOR GENERAL;;1
CHUNGAR;DDH;LÍNEA DE MANDO;MINA;SUPERVISOR DE OPERACIONES;;2
CHUNGAR;DDH;LÍNEA DE MANDO;GENERAL;ADMINISTRADOR;;1
CHUNGAR;DDH;LÍNEA DE MANDO;GENERAL;AUXILIAR ADMINISTRATIVO;;1
CHUNGAR;DDH;LÍNEA DE MANDO;GENERAL;ASISTENTE LOGÍSTICO;;2
CHUNGAR;DDH;LÍNEA DE MANDO;GENERAL;TÉCNICO MECÁNICO;I;2
CHUNGAR;DDH;LÍNEA DE MANDO;GENERAL;TÉCNICO ELECTRICISTA;;1
CHUNGAR;DDH;OPERATIVO;SUPERFICIE;PERFORISTA;I;10
CHUNGAR;DDH;OPERATIVO;SUPERFICIE;PERFORISTA;II;2
CHUNGAR;DDH;OPERATIVO;SUPERFICIE;AYUDANTE;I;24
CHUNGAR;DDH;CONDUCTORES;SUPERFICIE;CONDUCTOR;;2
CHUNGAR;DDH;CONDUCTORES;SUPERFICIE;CONDUCTOR MÚLTIPLE;;7
CHUNGAR;DDH;LÍNEA DE MANDO;SUPERFICIE;INGENIERO DE SEGURIDAD;;1
CHUNGAR;DDH;LÍNEA DE MANDO;GENERAL;ASISTENTE ADMINISTRATIVO;;1
CHUNGAR;DDH;LÍNEA DE MANDO;GENERAL;TRABAJADOR SOCIAL;;1
CHUNGAR;DDH;LÍNEA DE MANDO;GENERAL;TÉCNICO MECÁNICO;I;1
CHUNGAR;DDH;LÍNEA DE MANDO;GENERAL;TÉCNICO ELECTRICISTA;;1
CHUNGAR;DDH;LÍNEA DE MANDO;SUPERFICIE;SUPERVISOR DE OPERACIONES;;3
CHUNGAR;DDH;OPERATIVO;GENERAL;PERFORISTA;I;6
CHUNGAR;DDH;OPERATIVO;GENERAL;AYUDANTE;I;11
CHUNGAR;DDH;OPERATIVO;GENERAL;AYUDANTE;II;1
CHUNGAR;DDH;CONDUCTORES;GENERAL;CONDUCTOR;;4
CHUNGAR;DDH;CONDUCTORES;GENERAL;CONDUCTOR MÚLTIPLE;;2
CHUNGAR;DDH;VACACIONISTA;SUPERFICIE;PERFORISTA;II;2
CHUNGAR;DDH;VACACIONISTA;SUPERFICIE;AYUDANTE;I;4
CHUNGAR;DDH;VACACIONISTA;SUPERFICIE;CONDUCTOR MÚLTIPLE;;1
CHUNGAR;DDH;VACACIONISTA;SUPERFICIE;CONDUCTOR CÚSTER;;1
CHUNGAR;SGEO;LÍNEA DE MANDO;GENERAL;DIBUJANTE;;1
CHUNGAR;SGEO;LÍNEA DE MANDO;GENERAL;GEÓLOGO DE LOGUEO;;2
CHUNGAR;SGEO;LÍNEA DE MANDO;GENERAL;GEÓLOGO PLENO DE LOGUEO GEOLÓGICO;;2
CHUNGAR;SGEO;LÍNEA DE MANDO;GENERAL;GEÓLOGO DE LOGUEO GEOMECÁNICO;JUNIOR;2
CHUNGAR;SGEO;LÍNEA DE MANDO;GENERAL;GEÓLOGO DE LOGUEO GEOLÓGICO;JUNIOR;1
CHUNGAR;SGEO;OPERATIVO;GENERAL;AYUDANTE MUESTRERO;;5
CHUNGAR;SGEO;OPERATIVO;GENERAL;MAESTRO MUESTRERO;;2
CHUNGAR;SGEO;OPERATIVO;GENERAL;CORTADOR DE TESTIGOS;;3
CHUNGAR;SGEO;LÍNEA DE MANDO;GENERAL;HIDROGEÓLOGO;;1
ANDAYCHAGUA;DDH;LÍNEA DE MANDO;GENERAL;RESIDENTE;;1
ANDAYCHAGUA;DDH;LÍNEA DE MANDO;GENERAL;ASISTENTE DE RESIDENTE;;1
ANDAYCHAGUA;DDH;LÍNEA DE MANDO;GENERAL;INGENIERO DE SEGURIDAD;;2
ANDAYCHAGUA;DDH;LÍNEA DE MANDO;GENERAL;ANALISTA DE SEGURIDAD;;1
ANDAYCHAGUA;DDH;LÍNEA DE MANDO;MINA;SUPERVISOR OPERATIVO;I;1
ANDAYCHAGUA;DDH;LÍNEA DE MANDO;MINA;SUPERVISOR OPERATIVO;II;2
ANDAYCHAGUA;DDH;LÍNEA DE MANDO;GENERAL;ADMINISTRADOR;;1
ANDAYCHAGUA;DDH;LÍNEA DE MANDO;GENERAL;ASISTENTE ADMINISTRATIVO;;1
ANDAYCHAGUA;DDH;LÍNEA DE MANDO;GENERAL;LOGÍSTICO;;1
ANDAYCHAGUA;DDH;LÍNEA DE MANDO;GENERAL;ASISTENTE LOGÍSTICO;;1
ANDAYCHAGUA;DDH;LÍNEA DE MANDO;GENERAL;TÉCNICO MECÁNICO;I;2
ANDAYCHAGUA;DDH;LÍNEA DE MANDO;GENERAL;TÉCNICO ELECTRICISTA;;1
ANDAYCHAGUA;DDH;OPERATIVO;MINA;PERFORISTA;I;6
ANDAYCHAGUA;DDH;OPERATIVO;MINA;AYUDANTE;I;11
ANDAYCHAGUA;DDH;OPERATIVO;MINA;AYUDANTE;II;1
ANDAYCHAGUA;DDH;CONDUCTORES;MINA;CONDUCTOR;;5
ANDAYCHAGUA;DDH;CONDUCTORES;MINA;CONDUCTOR MÚLTIPLE;;1
ANDAYCHAGUA;DDH;LÍNEA DE MANDO;SUPERFICIE;INGENIERO DE SEGURIDAD;;1
ANDAYCHAGUA;DDH;LÍNEA DE MANDO;SUPERFICIE;SUPERVISOR OPERATIVO;I;1
ANDAYCHAGUA;DDH;LÍNEA DE MANDO;GENERAL;TÉCNICO MECÁNICO;I;1
ANDAYCHAGUA;DDH;OPERATIVO;SUPERFICIE;PERFORISTA;I;3
ANDAYCHAGUA;DDH;OPERATIVO;SUPERFICIE;AYUDANTE;I;6
ANDAYCHAGUA;DDH;CONDUCTORES;SUPERFICIE;CONDUCTOR;;1
ANDAYCHAGUA;DDH;VACACIONISTA;MINA;PERFORISTA;I;1
ANDAYCHAGUA;DDH;VACACIONISTA;SUPERFICIE;PERFORISTA;I;1
ANDAYCHAGUA;DDH;VACACIONISTA;MINA;AYUDANTE;I;2
ANDAYCHAGUA;DDH;VACACIONISTA;SUPERFICIE;AYUDANTE;I;2
ANDAYCHAGUA;DDH;VACACIONISTA;MINA;CONDUCTOR;;1
ANDAYCHAGUA;SGEO;OPERATIVO;GENERAL;AYUDANTE GEOMECÁNICO;;1
ANDAYCHAGUA;SGEO;LÍNEA DE MANDO;GENERAL;MAESTRO MUESTRERO;;12
ANDAYCHAGUA;SGEO;OPERATIVO;GENERAL;AYUDANTE MUESTRERO;;10
ANDAYCHAGUA;SGEO;LÍNEA DE MANDO;GENERAL;SUPERVISOR OPERATIVO;;3
ANDAYCHAGUA;SGEO;LÍNEA DE MANDO;GENERAL;TOPÓGRAFO;;3
ANDAYCHAGUA;SGEO;OPERATIVO;GENERAL;TÉCNICO MÉDICIÓN DENSIDAD PICNÓMETROS;;1
ANDAYCHAGUA;SGEO;LÍNEA DE MANDO;GENERAL;MAESTRO MUESTRERO DENSIDAD HIDROSTÁTICA;;3
ANDAYCHAGUA;SGEO;OPERATIVO;GENERAL;TÉCNICO DE MAPEO GEOMECÁNICO SUPERVISIÓN MINA;;2
ANDAYCHAGUA;SGEO;LÍNEA DE MANDO;GENERAL;GEÓLOGO DE LOGUEO GEOLÓGICO;;2
ANDAYCHAGUA;SLAB;LÍNEA DE MANDO;GENERAL;SUPERVISOR DE LABORATORIO;;3
COBRIZA;DDH;LÍNEA DE MANDO;GENERAL;RESIDENTE;;1
COBRIZA;DDH;LÍNEA DE MANDO;GENERAL;ASISTENTE DE RESIDENTE;;1
COBRIZA;DDH;LÍNEA DE MANDO;MINA;INGENIERO DE SEGURIDAD;;3
COBRIZA;DDH;LÍNEA DE MANDO;MINA;SUPERVISOR OPERATIVO;I;3
COBRIZA;DDH;LÍNEA DE MANDO;GENERAL;ADMINISTRADOR;;1
COBRIZA;DDH;LÍNEA DE MANDO;GENERAL;AUXILIAR ADMINISTRATIVO;;1
COBRIZA;DDH;LÍNEA DE MANDO;GENERAL;ASISTENTE LOGÍSTICO;;1
COBRIZA;DDH;LÍNEA DE MANDO;GENERAL;LOGÍSTICO;;1
COBRIZA;DDH;LÍNEA DE MANDO;GENERAL;TÉCNICO MECÁNICO;I;3
COBRIZA;DDH;LÍNEA DE MANDO;GENERAL;TÉCNICO ELECTRICISTA;;1
COBRIZA;DDH;OPERATIVO;MINA;PERFORISTA;I;14
COBRIZA;DDH;OPERATIVO;MINA;PERFORISTA;II;1
COBRIZA;DDH;OPERATIVO;MINA;AYUDANTE;I;24
COBRIZA;DDH;CONDUCTORES;MINA;CONDUCTOR;;6
COBRIZA;DDH;VACACIONISTA;MINA;PERFORISTA;II;1
COBRIZA;DDH;VACACIONISTA;MINA;AYUDANTE;I;1
COBRIZA;DDH;VACACIONISTA;MINA;AYUDANTE;II;2
COBRIZA;SGEO;OPERATIVO;GENERAL;MUESTRERO;;6
COBRIZA;SGEO;LÍNEA DE MANDO;GENERAL;GEÓLOGO DE LOGUEO;;3
MOROCOCHA;DDH;LÍNEA DE MANDO;GENERAL;RESIDENTE;;1
MOROCOCHA;DDH;LÍNEA DE MANDO;MINA;INGENIERO DE SEGURIDAD;;2
MOROCOCHA;DDH;LÍNEA DE MANDO;MINA;SUPERVISOR OPERATIVO;I;3
MOROCOCHA;DDH;LÍNEA DE MANDO;GENERAL;ADMINISTRADOR;;1
MOROCOCHA;DDH;LÍNEA DE MANDO;GENERAL;ASISTENTE LOGÍSTICO;;1
MOROCOCHA;DDH;LÍNEA DE MANDO;GENERAL;TÉCNICO MECÁNICO;I;2
MOROCOCHA;DDH;OPERATIVO;MINA;PERFORISTA;I;5
MOROCOCHA;DDH;OPERATIVO;MINA;PERFORISTA;II;1
MOROCOCHA;DDH;OPERATIVO;MINA;AYUDANTE;I;10
MOROCOCHA;DDH;OPERATIVO;MINA;AYUDANTE;II;2
MOROCOCHA;DDH;CONDUCTORES;MINA;CONDUCTOR;;3
MOROCOCHA;DDH;OPERATIVO;MINA;PERFORISTA;I;2
MOROCOCHA;DDH;OPERATIVO;MINA;PERFORISTA;II;1
MOROCOCHA;DDH;OPERATIVO;MINA;AYUDANTE;I;4
MOROCOCHA;DDH;OPERATIVO;MINA;AYUDANTE;II;2
MOROCOCHA;DDH;CONDUCTORES;MINA;CONDUCTOR;;3
MOROCOCHA;DDH;VACACIONISTA;MINA;PERFORISTA;II;1
MOROCOCHA;DDH;VACACIONISTA;MINA;AYUDANTE;II;1
MOROCOCHA;DDH;VACACIONISTA;MINA;AYUDANTE;TRAINEE;1
SAN CRISTÓBAL;DDH;LÍNEA DE MANDO;GENERAL;JEFE ZONAL;;1
SAN CRISTÓBAL;DDH;LÍNEA DE MANDO;GENERAL;ASISTENTE RESIDENTE;;1
SAN CRISTÓBAL;DDH;LÍNEA DE MANDO;MINA;INGENIERO DE SEGURIDAD;;1
SAN CRISTÓBAL;DDH;LÍNEA DE MANDO;MINA;ANALISTA SSOMA;I;2
SAN CRISTÓBAL;DDH;LÍNEA DE MANDO;GENERAL;TÉCNICO MECÁNICO;I;2
SAN CRISTÓBAL;DDH;LÍNEA DE MANDO;GENERAL;TÉCNICO ELECTRICISTA;;1
SAN CRISTÓBAL;DDH;LÍNEA DE MANDO;GENERAL;ADMINISTRADOR;;1
SAN CRISTÓBAL;DDH;LÍNEA DE MANDO;GENERAL;AUXILIAR ADMINISTRATIVO;;1
SAN CRISTÓBAL;DDH;LÍNEA DE MANDO;GENERAL;ASISTENTE LOGÍSTICO;;2
SAN CRISTÓBAL;DDH;LÍNEA DE MANDO;GENERAL;LOGÍSTICO / AYUDANTE;I;1
SAN CRISTÓBAL;DDH;LÍNEA DE MANDO;MINA;SUPERVISOR OPERATIVO;I;3
SAN CRISTÓBAL;DDH;LÍNEA DE MANDO;GENERAL;OPERARIO DE LIMPIEZA;;1
SAN CRISTÓBAL;DDH;OPERATIVO;MINA;PERFORISTA;I;12
SAN CRISTÓBAL;DDH;OPERATIVO;MINA;AYUDANTE;I;24
SAN CRISTÓBAL;DDH;CONDUCTORES;MINA;CONDUCTOR;;9
SAN CRISTÓBAL;DDH;OPERATIVO;SUPERFICIE;SUPERVISOR OPERATIVO;I;2
SAN CRISTÓBAL;DDH;OPERATIVO;SUPERFICIE;PERFORISTA;I;3
SAN CRISTÓBAL;DDH;OPERATIVO;SUPERFICIE;AYUDANTE;I;6
SAN CRISTÓBAL;DDH;CONDUCTORES;SUPERFICIE;CONDUCTOR;;2
SAN CRISTÓBAL;DDH;VACACIONISTA;MINA;PERFORISTA;II;1
SAN CRISTÓBAL;DDH;VACACIONISTA;MINA;AYUDANTE;I;3
SAN CRISTÓBAL;DDH;VACACIONISTA;SUPERFICIE;AYUDANTE;I;1
SAN CRISTÓBAL;DDH;VACACIONISTA;MINA;CONDUCTOR;;2
SAN CRISTÓBAL;SGEO;OPERATIVO;GENERAL;AYUDANTE GEOMECÁNICO;;2
SAN CRISTÓBAL;SGEO;LÍNEA DE MANDO;GENERAL;GEÓLOGO;JUNIOR;2
SAN CRISTÓBAL;SGEO;LÍNEA DE MANDO;GENERAL;GEÓLOGO DE LOGUEO GEOLÓGICO;;3
SAN CRISTÓBAL;SGEO;LÍNEA DE MANDO;GENERAL;GEÓLOGO;INTERMEDIO;1
SAN CRISTÓBAL;SGEO;LÍNEA DE MANDO;GENERAL;MAESTRO MUESTRERO;;3
SAN CRISTÓBAL;SGEO;LÍNEA DE MANDO;GENERAL;TÉCNICO QA/QC;;1
SAN CRISTÓBAL;SGEO;LÍNEA DE MANDO;GENERAL;SUPERVISOR OPERATIVO;;1
SAN CRISTÓBAL;SGEO;OPERATIVO;GENERAL;MAESTRO MUESTRERO;;12
SAN CRISTÓBAL;SGEO;OPERATIVO;GENERAL;AYUDANTE MUESTRERO;;9
SAN CRISTÓBAL;SLAB;LÍNEA DE MANDO;GENERAL;SUPERVISOR DE LABORATORIO;;3
SAN CRISTÓBAL;SLAB;OPERATIVO;GENERAL;MAESTRO MUESTRERO DE LABORATORIO;;6
CATALINA HUANCA;DDH;LÍNEA DE MANDO;GENERAL;RESIDENTE;;1
CATALINA HUANCA;DDH;LÍNEA DE MANDO;GENERAL;ASISTENTE DE RESIDENTE;;1
CATALINA HUANCA;DDH;LÍNEA DE MANDO;MINA;INGENIERO DE SEGURIDAD;;1
CATALINA HUANCA;DDH;LÍNEA DE MANDO;MINA;SUPERVISOR DE SEGURIDAD;;1
CATALINA HUANCA;DDH;LÍNEA DE MANDO;MINA;SUPERVISOR GENERAL;;1
CATALINA HUANCA;DDH;LÍNEA DE MANDO;MINA;SUPERVISOR OPERATIVO;I;2
CATALINA HUANCA;DDH;LÍNEA DE MANDO;GENERAL;ADMINISTRADOR;;1
CATALINA HUANCA;DDH;LÍNEA DE MANDO;GENERAL;ASISTENTE ADMINISTRATIVO;;1
CATALINA HUANCA;DDH;LÍNEA DE MANDO;GENERAL;ASISTENTE LOGÍSTICO;;2
CATALINA HUANCA;DDH;LÍNEA DE MANDO;GENERAL;TÉCNICO MECÁNICO;I;3
CATALINA HUANCA;DDH;OPERATIVO;MINA;PERFORISTA;I;12
CATALINA HUANCA;DDH;OPERATIVO;MINA;PERFORISTA;II;3
CATALINA HUANCA;DDH;OPERATIVO;MINA;AYUDANTE;I;16
CATALINA HUANCA;DDH;OPERATIVO;MINA;AYUDANTE;II;5
CATALINA HUANCA;DDH;CONDUCTORES;MINA;CONDUCTOR MÚLTIPLE;;6
CATALINA HUANCA;DDH;VACACIONISTA;MINA;PERFORISTA;I;2
CATALINA HUANCA;DDH;VACACIONISTA;MINA;AYUDANTE;I;3
CATALINA HUANCA;DDH;VACACIONISTA;MINA;AYUDANTE;TRAINEE;2
CATALINA HUANCA;SGEO;OPERATIVO;GENERAL;ASISTENTE DE LOGEO;;1
CATALINA HUANCA;SGEO;LÍNEA DE MANDO;GENERAL;GEÓLOGO DE EXPLORACIONES;;1
CATALINA HUANCA;SGEO;OPERATIVO;GENERAL;ASISTENTE DE EXPLORACIONES;;1
ROMINA;DDH;LÍNEA DE MANDO;GENERAL;RESIDENTE;;1
ROMINA;DDH;LÍNEA DE MANDO;GENERAL;INGENIERO DE SEGURIDAD;;1
ROMINA;DDH;LÍNEA DE MANDO;GENERAL;ASISTENTE ADMINISTRATIVO;I;1
ROMINA;DDH;LÍNEA DE MANDO;GENERAL;AUXILIAR ADMINISTRATIVO;;1
ROMINA;DDH;LÍNEA DE MANDO;GENERAL;ASISTENTE LOGÍSTICO;;2
ROMINA;DDH;LÍNEA DE MANDO;SUPERFICIE;SUPERVISOR OPERATIVO;I;1
ROMINA;DDH;LÍNEA DE MANDO;SUPERFICIE;SUPERVISOR OPERATIVO;II;1
ROMINA;DDH;LÍNEA DE MANDO;GENERAL;TÉCNICO MECÁNICO;;1
ROMINA;DDH;OPERATIVO;SUPERFICIE;PERFORISTA;I;3
ROMINA;DDH;OPERATIVO;SUPERFICIE;AYUDANTE;I;5
ROMINA;DDH;OPERATIVO;SUPERFICIE;AYUDANTE;II;1
ROMINA;DDH;CONDUCTORES;SUPERFICIE;CONDUCTOR;I;2
ROMINA;DDH;CONDUCTORES;SUPERFICIE;CONDUCTOR MÚLTIPLE;;3
ROMINA;DDH;OPERATIVO;SUPERFICIE;OPERADOR DE CISTERNA DE AGUA;;2
ROMINA;DDH;LÍNEA DE MANDO;MINA;INGENIERO DE SEGURIDAD;;1
ROMINA;DDH;LÍNEA DE MANDO;MINA;SUPERVISOR OPERATIVO;I;2
ROMINA;DDH;LÍNEA DE MANDO;GENERAL;TÉCNICO MECÁNICO;SENIOR;1
ROMINA;DDH;OPERATIVO;MINA;PERFORISTA;I;3
ROMINA;DDH;OPERATIVO;MINA;AYUDANTE;I;4
ROMINA;DDH;OPERATIVO;MINA;AYUDANTE;II;2
ROMINA;DDH;CONDUCTORES;MINA;CONDUCTOR;;3
ROMINA;DDH;VACACIONISTA;SUPERFICIE;AYUDANTE;I;1
ROMINA;SGEO;LÍNEA DE MANDO;GENERAL;SUPERVISOR DE GEOLOGÍA;;1
ROMINA;SGEO;LÍNEA DE MANDO;GENERAL;SUPERVISOR DE SEGURIDAD;;1
ROMINA;SGEO;LÍNEA DE MANDO;GENERAL;GEÓLOGO PLENO LOGUEO GEOMECÁNICO;;2
ROMINA;SGEO;OPERATIVO;GENERAL;CORTADOR DE TESTIGOS;;2
ROMINA;SGEO;OPERATIVO;GENERAL;MAESTRO MUESTRERO;;2
ROMINA;SGEO;OPERATIVO;GENERAL;AYUDANTE MUESTRERO;;2
ROMINA;SGEO;LÍNEA DE MANDO;GENERAL;GEÓLOGO DE LOGUEO;JUNIOR;2
ROMINA;SGEO;LÍNEA DE MANDO;GENERAL;GEÓLOGO DE LOGUEO GEOLÓGICO;JUNIOR;3
ROMINA;SGEO;OPERATIVO;GENERAL;ANALISTA DE DENSIDAD;;1
ROMINA;SGEO;OPERATIVO;GENERAL;ASISTENTE DE DENSIDAD;;2
ROMINA;SGEO;OPERATIVO;GENERAL;CORTADOR DE TESTIGOS;;2
ROMINA;SGEO;OPERATIVO;GENERAL;MAESTRO MUESTRERO;;2
ROMINA;SGEO;OPERATIVO;GENERAL;AYUDANTE MUESTRERO;;6
LA ESTRELLA;DDH;LÍNEA DE MANDO;GENERAL;RESIDENTE;;1
LA ESTRELLA;DDH;LÍNEA DE MANDO;GENERAL;JEFE DE SEGURIDAD;;1
LA ESTRELLA;DDH;LÍNEA DE MANDO;GENERAL;INGENIERO DE SEGURIDAD;;1
LA ESTRELLA;DDH;LÍNEA DE MANDO;SUPERFICIE;SUPERVISOR DE SEGURIDAD;;1
LA ESTRELLA;DDH;LÍNEA DE MANDO;SUPERFICIE;SUPERVISOR OPERATIVO;I;2
LA ESTRELLA;DDH;LÍNEA DE MANDO;GENERAL;ADMINISTRADOR;;1
LA ESTRELLA;DDH;LÍNEA DE MANDO;GENERAL;ASISTENTE LOGÍSTICO;;2
LA ESTRELLA;DDH;LÍNEA DE MANDO;GENERAL;TÉCNICO MECÁNICO;I;3
LA ESTRELLA;DDH;OPERATIVO;SUPERFICIE;PERFORISTA;I;6
LA ESTRELLA;DDH;OPERATIVO;SUPERFICIE;AYUDANTE;I;12
LA ESTRELLA;DDH;CONDUCTORES;SUPERFICIE;CONDUCTOR;;5
LA ESTRELLA;DDH;VACACIONISTA;SUPERFICIE;PERFORISTA;I;1
LA ESTRELLA;DDH;VACACIONISTA;SUPERFICIE;AYUDANTE;I;1
CERRO;DDH;LÍNEA DE MANDO;GENERAL;INGENIERO RESIDENTE;;1
CERRO;DDH;LÍNEA DE MANDO;GENERAL;INGENIERO DE SEGURIDAD;;1
CERRO;DDH;LÍNEA DE MANDO;GENERAL;GEÓLOGO;I;4
CERRO;DDH;LÍNEA DE MANDO;GENERAL;GEÓLOGO;II;3
CERRO;DDH;OPERATIVO;GENERAL;MUESTRERO ORE CONTROL;;4
CERRO;DDH;OPERATIVO;GENERAL;MAESTRO MUESTRERO;;12
CERRO;DDH;OPERATIVO;GENERAL;AYUDANTE MUESTRERO;;6
CERRO;DDH;OPERATIVO;GENERAL;TÉCNICO GEOLOGÍA;;1
CERRO;DDH;LÍNEA DE MANDO;GENERAL;GEÓLOGO JUNIOR BD & QA-QC;;1
CERRO;DDH;OPERATIVO;GENERAL;MUESTRERO/PREPARADOR DE MUESTRAS;;5
CERRO;DDH;OPERATIVO;GENERAL;AUXILIAR QA/QC;;3
CERRO;DDH;LÍNEA DE MANDO;MINA;GEÓLOGO;;1
CERRO;DDH;LÍNEA DE MANDO;GENERAL;GEÓLOGO DE EXPLORACIONES;;1
CERRO;DDH;LÍNEA DE MANDO;GENERAL;SUPERVISOR QA/QC;;3
CERRO;DDH;LÍNEA DE MANDO;MINA;INGENIERO DE SEGURIDAD;;1
CERRO;DDH;LÍNEA DE MANDO;MINA;MAESTRO MUESTRERO;;3
CERRO;DDH;LÍNEA DE MANDO;MINA;AYUDANTE MUESTRERO;;3
